DienTich_m2,SoPhongNgu,KhoangCach_TT_km,TuoiNha_Nam,SoTang,GiaNha_TyVND
132.6,4,2.0,17,5,9.58
42.5,1,2.4,20,3,3.27
116.0,3,4.9,18,2,7.85
129.9,3,2.8,0,2,9.78
99.8,3,6.3,18,2,6.56
67.0,2,18.4,8,3,3.47
63.8,2,10.0,8,4,4.48
131.3,4,3.9,11,5,9.85
60.3,2,16.5,8,3,3.38
50.6,1,9.0,8,5,2.66
122.2,4,2.0,16,2,9.43
154.4,4,17.4,1,1,10.13
40.5,1,6.6,2,1,2.79
101.5,3,14.6,19,5,6.08
137.5,4,8.1,13,4,9.5
113.5,3,16.2,13,1,6.35
126.6,3,17.1,8,5,7.66
75.0,2,11.5,6,5,5.0
150.1,5,11.8,7,3,10.25
125.7,3,3.8,15,2,8.76
105.1,3,8.5,5,3,7.53
57.1,1,9.4,17,1,3.21
84.8,3,11.0,6,1,6.16
120.9,3,18.0,6,1,7.23
93.0,3,7.1,11,4,6.86
92.1,2,8.8,5,4,5.73
114.1,3,16.2,9,4,6.74
101.6,3,9.1,2,3,7.49
118.0,3,4.9,4,2,9.05
112.1,3,17.0,10,2,6.75
136.6,4,12.0,18,2,8.91
102.6,2,2.6,0,2,8.05
149.0,5,19.8,16,1,8.03
78.3,3,5.7,8,2,5.15
50.9,2,12.9,14,3,3.3
76.1,2,8.3,6,5,5.51
53.7,2,16.4,4,1,2.76
139.4,4,13.1,7,5,9.24
45.6,2,16.7,0,5,2.96
115.2,4,6.8,6,3,8.88
105.7,3,6.6,20,2,7.17
138.3,3,12.6,14,1,8.07
63.9,2,18.9,13,3,2.09
142.8,4,14.6,9,4,10.1
82.2,2,6.4,12,1,5.59
130.6,4,3.8,7,4,9.71
75.5,3,10.0,17,3,5.41
146.1,4,19.5,5,5,8.27
79.1,3,14.1,1,2,5.15
59.8,2,5.1,12,3,3.99
87.1,2,2.4,3,1,6.9
51.2,1,19.1,19,1,1.91
138.5,4,17.4,17,1,7.84
58.1,1,16.8,0,5,2.48
86.1,3,19.3,7,3,5.08
153.3,5,12.6,0,2,10.18
158.5,4,18.7,19,2,9.09
94.8,3,4.2,18,2,7.31
139.1,4,3.6,7,4,9.44
70.2,2,8.4,5,2,5.0
111.7,3,15.7,1,3,6.68
148.3,4,7.4,6,3,10.12
104.1,4,13.3,19,5,6.14
110.8,3,1.7,18,1,7.38
44.7,1,11.6,3,2,3.73
82.9,2,7.7,4,3,5.53
49.6,1,18.1,6,3,2.72
76.7,2,18.9,4,2,3.4
79.7,3,8.6,2,3,6.39
132.9,3,8.8,8,1,8.77
44.8,2,18.1,8,4,2.65
91.5,3,2.6,10,1,6.81
77.8,2,9.0,9,5,4.66
116.4,4,3.9,20,3,8.28
81.6,1,3.1,4,5,6.37
45.2,1,16.0,12,2,1.2
145.6,4,7.1,1,1,10.53
131.6,3,12.3,7,5,8.32
145.4,4,17.8,8,5,8.72
90.1,2,17.8,11,4,4.87
112.7,3,12.6,16,4,6.41
101.6,3,13.4,10,5,5.94
111.7,4,2.5,14,5,8.57
71.5,2,7.0,18,3,4.41
76.1,2,14.3,19,4,4.08
43.0,1,5.0,14,2,3.65
76.4,2,16.4,5,4,3.7
69.0,2,11.0,3,3,4.61
106.9,3,15.5,0,2,6.5
107.9,3,4.8,15,3,7.84
97.0,2,3.0,15,1,6.81
75.1,2,10.4,2,5,5.49
47.7,2,11.3,0,3,4.19
157.5,5,14.4,3,3,10.05
80.8,3,5.3,17,3,5.6
99.4,3,13.9,9,1,6.12
157.2,5,16.2,0,1,10.19
92.9,3,2.3,0,3,8.0
78.2,2,19.3,15,1,3.27
102.4,3,19.5,18,5,5.22
