SoNamKinhNghiem,DiemTestKyThuat,SoDuAnThucTe,DiemTiengAnh_TOEIC,SoLanNhayViec,Luong_TrieuVND
4.8,46.7,5,621,2,38.6
11.4,78.7,15,538,3,71.4
8.9,61.7,12,796,0,63.2
7.4,72.0,9,930,3,58.8
2.3,93.1,5,596,2,41.2
2.3,58.2,4,425,4,28.4
1.2,66.8,1,503,3,27.5
10.5,85.0,14,784,4,71.3
7.4,57.1,8,435,0,51.6
8.6,49.1,12,634,4,54.9
0.7,60.4,2,569,4,23.9
11.7,53.5,14,418,1,64.4
10.1,94.3,14,396,1,63.5
2.9,87.8,4,443,5,35.6
2.6,78.6,4,802,1,37.1
2.6,91.2,6,553,4,39.0
4.0,87.6,5,567,2,42.5
6.5,54.9,8,823,4,52.6
5.5,92.3,6,781,2,52.1
3.8,73.6,4,690,2,39.0
7.5,87.8,10,900,1,59.3
2.1,92.5,3,638,3,37.0
3.9,61.9,5,603,0,36.0
4.7,50.8,7,706,1,44.2
5.7,57.1,7,372,1,43.3
9.5,67.6,14,871,3,65.5
2.8,88.4,3,449,0,32.9
6.4,90.6,12,529,4,56.7
7.3,45.4,10,572,5,49.1
1.0,72.1,1,791,5,31.7
7.5,67.1,8,957,4,54.1
2.5,56.8,4,674,1,32.0
1.2,51.4,1,865,0,28.1
11.4,62.9,16,365,1,66.9
11.6,95.0,16,685,2,75.0
9.8,62.1,13,607,1,63.3
4.0,72.5,4,846,1,40.6
1.6,82.3,1,509,4,29.8
8.4,64.3,10,824,4,58.9
5.6,96.5,8,729,4,53.3
1.9,96.0,3,894,5,40.3
6.2,58.3,7,776,2,46.4
0.9,71.4,1,617,4,25.1
11.0,60.9,15,926,0,73.1
3.5,60.1,3,766,5,37.4
8.1,47.0,11,517,3,51.0
4.1,77.3,5,392,0,40.9
6.5,71.6,7,905,0,52.9
6.8,47.7,9,634,4,49.8
2.6,59.8,4,746,3,34.7
11.7,93.1,17,361,3,75.0
9.4,57.7,13,956,5,67.2
11.3,52.7,13,651,3,65.7
10.8,70.9,13,602,2,68.3
7.4,97.2,10,848,4,62.1
11.1,57.8,15,384,3,66.6
1.5,80.6,3,439,5,28.6
2.8,85.4,8,954,2,45.8
1.0,57.6,2,951,1,31.8
4.2,83.6,7,767,1,43.2
5.0,64.5,8,464,2,40.6
3.6,78.5,5,545,5,36.0
10.0,78.6,13,850,2,68.1
4.6,73.4,7,842,4,47.4
3.7,49.8,4,424,4,34.8
6.7,89.3,8,762,1,55.3
2.1,62.0,2,725,3,34.1
9.7,54.9,13,769,5,60.8
1.4,47.2,5,626,1,25.6
11.8,76.3,13,743,3,72.4
9.4,80.9,13,806,3,67.1
2.8,45.9,2,541,4,29.0
0.6,72.1,1,448,0,21.4
9.9,57.0,14,897,0,65.9
8.6,79.2,11,445,2,56.0
8.9,54.2,10,539,4,56.2
9.4,81.6,11,386,3,60.6
1.4,65.5,3,718,5,29.3
4.6,94.6,5,874,0,47.9
1.8,52.3,3,628,3,27.1
10.4,63.1,14,566,0,64.5
7.7,51.0,9,622,0,52.7
4.3,94.0,8,411,0,42.8
1.2,91.5,2,945,5,37.0
4.1,58.7,3,691,4,36.8
4.2,80.0,6,746,5,43.1
8.9,88.3,11,368,1,59.2
7.8,74.4,11,526,3,54.1
10.7,73.1,13,745,4,67.7
5.9,57.8,8,794,4,46.3
1.9,49.9,3,582,4,31.1
8.7,92.6,12,425,4,60.9
9.2,92.7,11,614,5,62.9
7.0,78.6,9,804,4,56.0
9.4,63.0,12,733,2,61.8
6.2,63.5,7,913,3,50.3
6.5,83.5,11,855,4,57.9
5.4,92.5,8,716,3,52.3
0.8,92.0,1,493,2,28.1
1.7,86.3,3,418,2,30.5
