SoGioHoc_Tuan,DiemChuyenCan,SoBuoiVang,SoGioChoiGame_Tuan,ChieuCao_cm,DiemCuoiKy
16.2,6.1,1,8.5,172,5.7
33.5,8.5,2,23.9,165,7.2
27.0,7.3,0,22.5,180,6.7
23.0,8.0,0,12.5,160,7.2
9.7,9.6,1,16.3,165,4.8
9.7,7.0,1,8.4,157,4.6
6.7,7.6,2,6.3,153,4.9
31.0,9.0,2,12.7,153,8.1
23.0,6.9,5,10.1,174,6.6
26.2,6.3,1,15.4,152,7.2
5.6,7.2,2,3.8,181,5.0
34.1,6.6,4,24.4,152,5.8
30.0,9.7,1,24.7,176,7.1
11.4,9.2,2,18.1,178,4.4
10.5,8.5,1,14.3,181,5.2
10.5,9.5,4,9.1,168,3.7
14.1,9.2,5,20.7,170,4.1
20.7,6.7,2,17.7,154,5.2
18.0,9.6,1,5.7,167,6.4
13.7,8.2,3,23.0,177,4.6
23.4,9.2,2,20.9,171,5.8
9.2,9.6,5,23.8,170,3.6
13.8,7.3,5,18.7,155,5.1
16.0,6.4,5,16.1,150,3.1
18.7,6.9,1,11.6,154,5.8
28.6,7.7,0,23.5,161,6.6
11.0,9.3,1,21.9,175,4.5
20.4,9.4,2,3.0,183,7.8
22.8,6.0,1,2.6,163,7.4
6.4,8.0,0,10.7,175,5.2
23.2,7.7,2,20.6,176,5.4
10.1,6.9,2,24.7,158,4.6
7.0,6.5,1,5.5,175,3.7
33.5,7.4,0,15.7,171,7.5
34.0,9.8,3,10.8,179,8.7
29.3,7.3,3,24.3,166,6.0
14.1,8.1,1,21.4,175,5.1
7.9,8.8,0,21.3,185,5.3
25.5,7.5,0,12.8,150,7.1
18.2,9.9,4,11.5,157,6.1
8.7,9.8,1,8.3,184,5.4
19.9,7.0,3,3.3,164,6.5
6.0,8.0,4,21.9,171,2.7
32.3,7.2,1,20.7,163,7.0
12.8,7.1,1,25.0,175,4.3
24.9,6.1,0,24.9,177,6.1
14.4,8.4,0,14.8,172,4.7
20.6,8.0,0,19.7,163,6.3
21.4,6.2,3,23.7,173,4.4
10.5,7.1,2,21.5,151,4.2
34.1,9.6,2,7.7,175,8.9
28.3,7.0,1,12.4,163,7.8
33.2,6.6,2,5.0,156,7.7
31.8,8.0,2,23.9,152,5.7
22.9,9.9,0,15.9,172,7.9
32.7,7.0,1,7.3,167,7.8
7.7,8.7,3,17.4,184,3.2
10.9,9.0,4,16.2,164,4.4
6.4,7.0,3,10.2,174,3.7
14.8,8.9,0,4.6,177,7.2
16.7,7.5,0,17.4,159,6.0
13.1,8.5,0,14.0,166,5.7
29.9,8.5,1,19.8,171,6.9
15.7,8.1,2,14.0,175,5.6
13.4,6.4,2,21.6,174,4.0
21.3,9.3,5,14.7,166,6.1
9.2,7.3,1,14.9,162,4.0
29.1,6.7,3,22.2,169,5.7
7.2,6.2,4,11.3,174,3.5
34.6,8.4,2,5.1,153,9.5
28.2,8.7,3,2.7,159,8.5
11.0,6.1,2,19.4,152,3.7
5.2,8.0,1,16.3,167,3.7
29.5,6.9,4,18.2,185,6.3
26.2,8.6,1,6.9,171,7.3
26.9,6.7,3,5.1,183,6.5
28.1,8.8,1,2.3,157,9.3
7.2,7.5,1,10.1,168,4.8
15.8,9.7,3,15.6,155,5.4
8.5,6.6,0,11.0,175,5.0
30.9,7.4,1,12.1,183,8.3
23.7,6.5,1,22.8,155,5.3
14.9,9.7,0,10.0,182,6.5
6.9,9.5,1,13.8,171,4.7
14.3,7.0,2,20.0,170,4.8
14.8,8.6,0,11.1,155,6.7
26.9,9.3,3,16.3,155,7.7
24.1,8.2,4,21.8,153,6.0
31.6,8.1,4,23.8,179,5.5
19.2,7.0,1,5.4,160,6.6
8.6,6.4,1,23.3,179,2.8
26.4,9.6,0,13.3,180,7.7
27.8,9.6,0,7.9,173,8.7
21.8,8.5,4,12.6,158,6.4
28.1,7.4,2,24.5,152,5.6
19.8,7.4,1,13.3,180,4.9
20.7,8.9,1,9.6,185,7.1
17.8,9.6,3,16.6,173,7.1
5.8,9.5,4,7.5,180,4.4
8.2,9.1,4,3.7,155,5.1
